"Link,","FullName,","Position,","Country,","Organization,","Social,",Contacts
https://app.seamless-expo.com/event/seamless-saudi-arabia-2024/person/RXZlbnRQZW9wbGVfMzQ1MTA4MTA=,Ahmad Abu Qauod,CEO,Jordan,Quality Business Solutions,"",no data
https://app.seamless-expo.com/event/seamless-saudi-arabia-2024/person/RXZlbnRQZW9wbGVfMzI2NzIzNDQ=,Mohamed Aboud,CEO,United Arab Emirates,G I E FOR EVENTS MANAGEMENT L.L.C,"",www.gie.xyz
https://app.seamless-expo.com/event/seamless-saudi-arabia-2024/person/RXZlbnRQZW9wbGVfMzQxNDUzMDY=,Nilesh Shah,CEO,United Arab Emirates,Accely Group,"",www.accely.com
https://app.seamless-expo.com/event/seamless-saudi-arabia-2024/person/RXZlbnRQZW9wbGVfMzM2MjY4Njg=,Basim Zafar,CEO,Saudi Arabia,Experts Vision Consulting,"",www.evc.sa
https://app.seamless-expo.com/event/seamless-saudi-arabia-2024/person/RXZlbnRQZW9wbGVfMzM2MTg4MzU=,SUJAS ALI,CEO,India,Aabasoft Technologies,"",aabasoft.com
https://app.seamless-expo.com/event/seamless-saudi-arabia-2024/person/RXZlbnRQZW9wbGVfMzM0ODI2ODg=,Chintan Shah,CEO,United Arab Emirates,Brainvire Infotech Inc,"",www.brainvire.com
https://app.seamless-expo.com/event/seamless-saudi-arabia-2024/person/RXZlbnRQZW9wbGVfMzI1MzI5ODc=,Hajaj Alorainy,CEO,Saudi Arabia,Integrated Solution Co.,"",https://www.isolution.com
https://app.seamless-expo.com/event/seamless-saudi-arabia-2024/person/RXZlbnRQZW9wbGVfMzQzNjU5MjY=,Paolo Checchi,CEO,Italy,Viche srl,"",no data
https://app.seamless-expo.com/event/seamless-saudi-arabia-2024/person/RXZlbnRQZW9wbGVfMzM4OTE0MTE=,Ahmed Fahmy,CEO,Saudi Arabia,OneCard,https://www.linkedin.com/in/https://www.linkedin.com/in/afahmy1/,no data
https://app.seamless-expo.com/event/seamless-saudi-arabia-2024/person/RXZlbnRQZW9wbGVfMzM1MjkzOTU=,DARIO JUNIOR,CEO,Brazil,ESTRUTURAL BLOCK,"",no data
https://app.seamless-expo.com/event/seamless-saudi-arabia-2024/person/RXZlbnRQZW9wbGVfMzQzOTQ5MTI=,Bader Almatrfi,CEO,Saudi Arabia,Billenda,"",https://billenda.com/
https://app.seamless-expo.com/event/seamless-saudi-arabia-2024/person/RXZlbnRQZW9wbGVfMzQzOTIwNjM=,Marco Stranieri,CEO,United Arab Emirates,HORIZON CORP FZCO,"",https://www.horizoncorp.ae
https://app.seamless-expo.com/event/seamless-saudi-arabia-2024/person/RXZlbnRQZW9wbGVfMzQzOTAzNDI=,Radhi AlRadhi,CEO,Saudi Arabia,NeoMatrix Technologies,"",www.neomatrix.tech
https://app.seamless-expo.com/event/seamless-saudi-arabia-2024/person/RXZlbnRQZW9wbGVfMzQzOTAxOTA=,Fahad Alghamdi,CEO,Saudi Arabia,WOSUL,"",www.wosul.sa
https://app.seamless-expo.com/event/seamless-saudi-arabia-2024/person/RXZlbnRQZW9wbGVfMzQzODEwMzI=,Kamil Knap,CEO,United States,Liang & Knap LLC,"",https://www.liangknap.com/
https://app.seamless-expo.com/event/seamless-saudi-arabia-2024/person/RXZlbnRQZW9wbGVfMzQzNzYzODE=,Mosaed Alenezy,CEO,Saudi Arabia,Mudaraba Financial Co,"",https://mudaraba.sa/
https://app.seamless-expo.com/event/seamless-saudi-arabia-2024/person/RXZlbnRQZW9wbGVfMzQzNzYyMjk=,Usman Fiaz,CEO,Saudi Arabia,Design peeps,"",no data
https://app.seamless-expo.com/event/seamless-saudi-arabia-2024/person/RXZlbnRQZW9wbGVfMzQzNTkzMDk=,Ahmed Mohamed Abubaker,CEO,Saudi Arabia,THANAWI,no data,thanawi.io
https://app.seamless-expo.com/event/seamless-saudi-arabia-2024/person/RXZlbnRQZW9wbGVfMzQzNDA5Mzk=,Wasim Hamoud,CEO,Saudi Arabia,MOOLA,no data,https://moola.sa
https://app.seamless-expo.com/event/seamless-saudi-arabia-2024/person/RXZlbnRQZW9wbGVfMzQzMzUyMTU=,Abdulla AlYousuf,CEO,Saudi Arabia,Wseel Digital Broker,"",no data
https://app.seamless-expo.com/event/seamless-saudi-arabia-2024/person/RXZlbnRQZW9wbGVfMzQzMzUyMTM=,Zain Ali,CEO,Pakistan,Fortify,########,fortify.biz
https://app.seamless-expo.com/event/seamless-saudi-arabia-2024/person/RXZlbnRQZW9wbGVfMzQzMzUyMTI=,Ahmed Kadous,CEO,Egypt,Pharmacy marts,"",no data
https://app.seamless-expo.com/event/seamless-saudi-arabia-2024/person/RXZlbnRQZW9wbGVfMzQzMzMxMTE=,Shahzad Shahid,CEO,Pakistan,TPS worldwide,"",no data
https://app.seamless-expo.com/event/seamless-saudi-arabia-2024/person/RXZlbnRQZW9wbGVfMzQzMjk1MTg=,Muhammed Eljack,CEO,Saudi Arabia,Scalable Hacks Consulting,no data,www.scalablehacks.com
https://app.seamless-expo.com/event/seamless-saudi-arabia-2024/person/RXZlbnRQZW9wbGVfMzQzMjY2MDk=,MOHAMED ALAfif,Managing Director and CEO,Saudi Arabia,Cash Solutions Company Limited,no data,https://reyadah-intl.com
https://app.seamless-expo.com/event/seamless-saudi-arabia-2024/person/RXZlbnRQZW9wbGVfMzQzMjQ3NDY=,Amine Fassi Fihri,CEO,Morocco,INDATACORE,########,https://www.indatacore.com
https://app.seamless-expo.com/event/seamless-saudi-arabia-2024/person/RXZlbnRQZW9wbGVfMzQzMjM3NjU=,Mohamed Eldib,ceo,Egypt,LWG Egypt .S.A.E.,"",no data
https://app.seamless-expo.com/event/seamless-saudi-arabia-2024/person/RXZlbnRQZW9wbGVfMzQzMjIxMTE=,Hussein Attar,CEO,Saudi Arabia,Tech Invest Com,"",https://techinvestcom.com/
https://app.seamless-expo.com/event/seamless-saudi-arabia-2024/person/RXZlbnRQZW9wbGVfMzQzMjE1NTI=,Sergey Budnikov,CEO,United Kingdom,Jefferson & Bennett Holding Ltd (Moneyport),"",www.moneyport.io
https://app.seamless-expo.com/event/seamless-saudi-arabia-2024/person/RXZlbnRQZW9wbGVfMzQzMjE0MDg=,Rajab Ali Virani,CEO,United Arab Emirates,VeriEstate Tech Limited,########,no data
https://app.seamless-expo.com/event/seamless-saudi-arabia-2024/person/RXZlbnRQZW9wbGVfMzQzMjA3NjI=,Tariq Alturkestani,CEO,Saudi Arabia,saee,"",https://saee.sa
https://app.seamless-expo.com/event/seamless-saudi-arabia-2024/person/RXZlbnRQZW9wbGVfMzQyOTM0NzY=,Muhammad Nafey,CEO,Pakistan,eTaps.me,"",no data
https://app.seamless-expo.com/event/seamless-saudi-arabia-2024/person/RXZlbnRQZW9wbGVfMzQyNzkwNzY=,Ghormallah Alghamdi,CEO,Saudi Arabia,EdfaPay,https://www.linkedin.com/in/ghormallah-al-ghamdi-4a358291/########https://x.com/gghamdi########https://instagram.com/gghamdi,https://edfapay.com/
https://app.seamless-expo.com/event/seamless-saudi-arabia-2024/person/RXZlbnRQZW9wbGVfMzQyNzcwOTM=,Mohannad Alsouqi,CEO,Jordan,Talentspace.ai,"",https://talentspace.ai
https://app.seamless-expo.com/event/seamless-saudi-arabia-2024/person/RXZlbnRQZW9wbGVfMzQyNzMxNDU=,Faraz Quddusi,CEO,Pakistan,QBS Co,"",www.qbsco.net
https://app.seamless-expo.com/event/seamless-saudi-arabia-2024/person/RXZlbnRQZW9wbGVfMzQyNjkyNTQ=,Omar Youssef,CEO,Saudi Arabia,InnovatorsGate,"",www.innovatorsgate.com
https://app.seamless-expo.com/event/seamless-saudi-arabia-2024/person/RXZlbnRQZW9wbGVfMzQyNjM1MDA=,Veronica Studsgaard,CEO,Denmark,IAMTN,"",https://www.iamtn.org/
https://app.seamless-expo.com/event/seamless-saudi-arabia-2024/person/RXZlbnRQZW9wbGVfMzQyNDUzNjA=,Bahaaddin Salim,CEO,Iraq,NASS AL IRAQ HOLDING,"",https://www.ni.iq
https://app.seamless-expo.com/event/seamless-saudi-arabia-2024/person/RXZlbnRQZW9wbGVfMzQyNDUwNDM=,Fouad Nasseredin,CEO,United Arab Emirates,Admireworks Advertising LLC,"",www.admireworks.com
https://app.seamless-expo.com/event/seamless-saudi-arabia-2024/person/RXZlbnRQZW9wbGVfMzQyMTMzNDI=,Laith Nobani,CEO & Managing Partner,Jordan,BLUNET Marketing & Communication Services,"",www.theblunet.com
https://app.seamless-expo.com/event/seamless-saudi-arabia-2024/person/RXZlbnRQZW9wbGVfMzQyMTI5Nzk=,Khaled Hafez,CEO,Saudi Arabia,IBG TECHNOLOGY,"",http://www.ibgtechnology.com
https://app.seamless-expo.com/event/seamless-saudi-arabia-2024/person/RXZlbnRQZW9wbGVfMzQxODYyMTU=,Diaa Yousef,CEO,Egypt,Agri Soft,"",no data
https://app.seamless-expo.com/event/seamless-saudi-arabia-2024/person/RXZlbnRQZW9wbGVfMzQxODY3MTc=,Mohammad Al Zayyat,CEO,Saudi Arabia,Holland Acumen,"",https://www.hollandacumen.com
https://app.seamless-expo.com/event/seamless-saudi-arabia-2024/person/RXZlbnRQZW9wbGVfMzQxODU1Nzc=,Ashish Kumar Singh,CEO,United Arab Emirates,Loyyal,"",https://www.loyyal.com
https://app.seamless-expo.com/event/seamless-saudi-arabia-2024/person/RXZlbnRQZW9wbGVfMzQxMTMyMjY=,Farooq Cheema,CEO,United Arab Emirates,Tablon B2B,"",mytablon.com
https://app.seamless-expo.com/event/seamless-saudi-arabia-2024/person/RXZlbnRQZW9wbGVfMzQxMTA4OTU=,Anna Gidirim,CEO of Admitad,United Arab Emirates,Admitad,"",no data
https://app.seamless-expo.com/event/seamless-saudi-arabia-2024/person/RXZlbnRQZW9wbGVfMzQwOTE2OTg=,Hytham ElSaiid,CEO,Saudi Arabia,CROWZE,"",no data
https://app.seamless-expo.com/event/seamless-saudi-arabia-2024/person/RXZlbnRQZW9wbGVfMzQwNjc1NjU=,Saravana Cavala Damodaram,CEO,United Arab Emirates,Bytize Technology Solutions LLC,"",https://posbytz.com/
https://app.seamless-expo.com/event/seamless-saudi-arabia-2024/person/RXZlbnRQZW9wbGVfMzQwMjYxMjE=,Nono Ghannam,CEO,Saudi Arabia,Stllr Network Inc.,"",https://stllr.network
https://app.seamless-expo.com/event/seamless-saudi-arabia-2024/person/RXZlbnRQZW9wbGVfMzQwMDMxODQ=,Saady Lozon,CEO,Israel,Unit One Group,"",www.unitone.co
https://app.seamless-expo.com/event/seamless-saudi-arabia-2024/person/RXZlbnRQZW9wbGVfMzQwMDIwMTg=,Andreas Khoshnou,CEO,Estonia,Be1B,"",https://be1b.com
https://app.seamless-expo.com/event/seamless-saudi-arabia-2024/person/RXZlbnRQZW9wbGVfMzQwMDEwMDQ=,Mohammed Khumayes,CEO,Saudi Arabia,Digital Solutions Holding,"",www.esage.io
https://app.seamless-expo.com/event/seamless-saudi-arabia-2024/person/RXZlbnRQZW9wbGVfMzQ1MjE3MzA=,Ozer Balkiz,Ceo,Turkey,Brq Link Payment Services Inc.,"",www.brqlink.com
https://app.seamless-expo.com/event/seamless-saudi-arabia-2024/person/RXZlbnRQZW9wbGVfMzQ1MTkyNTI=,Mohamed Elbeheiry,CEO,Saudi Arabia,EyeGo,"",eyego.ai
https://app.seamless-expo.com/event/seamless-saudi-arabia-2024/person/RXZlbnRQZW9wbGVfMzQ1MTMwMzQ=,Musaad AlGadi,CEO,Saudi Arabia,Saudi Financial Technology - Alinma Bank,"",no data
https://app.seamless-expo.com/event/seamless-saudi-arabia-2024/person/RXZlbnRQZW9wbGVfMzQ1MTE5OTU=,MOHAMMED Khalil,CEO,Saudi Arabia,DAL SEEN,"",no data
https://app.seamless-expo.com/event/seamless-saudi-arabia-2024/person/RXZlbnRQZW9wbGVfMzQ1MDk2NTg=,Faeez Mushtaq,CEO,Saudi Arabia,Collatree Arabia,"",www.cta.sa
https://app.seamless-expo.com/event/seamless-saudi-arabia-2024/person/RXZlbnRQZW9wbGVfMzQ1MDMxMjc=,AHMED AL FAKHRI,CEO,Saudi Arabia,Kafaratplus,"",www.kafaratplus.com
https://app.seamless-expo.com/event/seamless-saudi-arabia-2024/person/RXZlbnRQZW9wbGVfMzQ0OTQ1NDQ=,Ibrahim Alzuhaimeel,ceo,Saudi Arabia,OceanX,"",no data
https://app.seamless-expo.com/event/seamless-saudi-arabia-2024/person/RXZlbnRQZW9wbGVfMzQ0OTM4NDI=,Abdulaziz Alobaid,CEO,Saudi Arabia,SHARE INVESTMENT,"",https://wwwishareinvest.sa
https://app.seamless-expo.com/event/seamless-saudi-arabia-2024/person/RXZlbnRQZW9wbGVfMzQ0OTM3MjI=,Bassam Alaujan,CEO,Saudi Arabia,ProsperUs,https://www.linkedin.com/in/bassamalaujan/,www.prosperus.tech
https://app.seamless-expo.com/event/seamless-saudi-arabia-2024/person/RXZlbnRQZW9wbGVfMzQ0OTI4MTg=,Khalid Al Adad,CEO,Saudi Arabia,Ollkom Group,no data,https://ollkom.com/
https://app.seamless-expo.com/event/seamless-saudi-arabia-2024/person/RXZlbnRQZW9wbGVfMzQ0ODgxMDU=,Ashish Parakh,CEO,India,AJM Softwares,"",www.ajm.in
https://app.seamless-expo.com/event/seamless-saudi-arabia-2024/person/RXZlbnRQZW9wbGVfMzQ0ODY3MjM=,Assem El Bassal,CEO,Saudi Arabia,Mubasher.info KSA- Global Financial Media Dubai,"",www.mubasher.info
https://app.seamless-expo.com/event/seamless-saudi-arabia-2024/person/RXZlbnRQZW9wbGVfMzQ0ODQwMDQ=,anas alsakka,ceo,Bahrain,Business Summit,"",www.summit.bh
https://app.seamless-expo.com/event/seamless-saudi-arabia-2024/person/RXZlbnRQZW9wbGVfMzQ0ODQ2MjI=,Aimen Saleh Ahmad,CEO,Saudi Arabia,AlMatar Group,"",almatar.com
https://app.seamless-expo.com/event/seamless-saudi-arabia-2024/person/RXZlbnRQZW9wbGVfMzQ0NzkxODI=,Qusay Salama,CEO,Germany,PlusOne Health,"",http://www.plusone.expert
https://app.seamless-expo.com/event/seamless-saudi-arabia-2024/person/RXZlbnRQZW9wbGVfMzQ0NzUxNDY=,Mohammed Alshehri,CEO,Saudi Arabia,catron,"",no data
https://app.seamless-expo.com/event/seamless-saudi-arabia-2024/person/RXZlbnRQZW9wbGVfMzQ0NzE1MDA=,Omnia Fouad,CEO,United Arab Emirates,OmniaStores LLC,https://instagram.com/Omniastores.com########https://www.linkedin.com/in/Omnia%20fouad,no data
https://app.seamless-expo.com/event/seamless-saudi-arabia-2024/person/RXZlbnRQZW9wbGVfMzQ0MzYwMzA=,Manuel Pacreau,CEO,France,Addict Mobile,"",www.addict-mobile.com
https://app.seamless-expo.com/event/seamless-saudi-arabia-2024/person/RXZlbnRQZW9wbGVfMzQ0MjQyNDQ=,Mohamed Baddar,CEO,United Arab Emirates,Alsun AI,"",alsun.ai
https://app.seamless-expo.com/event/seamless-saudi-arabia-2024/person/RXZlbnRQZW9wbGVfMzQ0MjExOTk=,Bandar Alghamdi,CEO,Saudi Arabia,Alpha Digital,"",no data
https://app.seamless-expo.com/event/seamless-saudi-arabia-2024/person/RXZlbnRQZW9wbGVfMzQ0MTE4Mjk=,Lalit Mendapara,CEO,India,ASPIRE SOFTWARE CONSULTANCY,########,https://aspiresoftwareconsultancy.com/
https://app.seamless-expo.com/event/seamless-saudi-arabia-2024/person/RXZlbnRQZW9wbGVfMzQ0MDc4NzE=,Hatem Kameli,CEO,Saudi Arabia,Resal,"",https://www.resal.me
https://app.seamless-expo.com/event/seamless-saudi-arabia-2024/person/RXZlbnRQZW9wbGVfMzQ0MDU5MTE=,Maymoonah Mohammed,CEO,Saudi Arabia,LVLUP,"",www.lvlupksa.com
https://app.seamless-expo.com/event/seamless-saudi-arabia-2024/person/RXZlbnRQZW9wbGVfMzMzOTY5Nzg=,Nuslia Nushra Akhter,CEO AND MANAGING DIRECTOR,United Arab Emirates,Al Nuqtat LLC,"",www.alnuqtat.com
https://app.seamless-expo.com/event/seamless-saudi-arabia-2024/person/RXZlbnRQZW9wbGVfMzMzNzQ5MjY=,Abdulaziz Almogrin,CEO,Saudi Arabia,Matjry,no data,https://jiff.tech/
https://app.seamless-expo.com/event/seamless-saudi-arabia-2024/person/RXZlbnRQZW9wbGVfMzMzMzQxMDE=,Aldiyar Seidali,CEO,United Arab Emirates,Zaytoon Antler,"",https://zaytoon.io
https://app.seamless-expo.com/event/seamless-saudi-arabia-2024/person/RXZlbnRQZW9wbGVfMzMxODc0Mzc=,Mansour Alshuaibi,CEO,Saudi Arabia,Qsalary,no data,""
https://app.seamless-expo.com/event/seamless-saudi-arabia-2024/person/RXZlbnRQZW9wbGVfMzMxODA2NTQ=,Simon Littlewood,CEO,United States,Sdg Global Group,"",http://sdgglobalgroup.com/
https://app.seamless-expo.com/event/seamless-saudi-arabia-2024/person/RXZlbnRQZW9wbGVfMzMxODA1NDA=,Moataz Othman,CEO,Saudi Arabia,Imknat.com.sa,"",Imknat.com.sa
https://app.seamless-expo.com/event/seamless-saudi-arabia-2024/person/RXZlbnRQZW9wbGVfMzMwODAyMzk=,Abdul Wadood,CEO,United Kingdom,Digitify Ltd,########,https://digitify.com
https://app.seamless-expo.com/event/seamless-saudi-arabia-2024/person/RXZlbnRQZW9wbGVfMzMwNTg2NjI=,Janti Abdallah,CEO,Jordan,PayOne,"",no data
https://app.seamless-expo.com/event/seamless-saudi-arabia-2024/person/RXZlbnRQZW9wbGVfMzMwNDM3MTY=,Amine Zrikem,CEO,Morocco,Mediaster Marketing Agency,"",www.mediastermarketing.com
https://app.seamless-expo.com/event/seamless-saudi-arabia-2024/person/RXZlbnRQZW9wbGVfMzMwMzM0Njg=,Ehsan Nehlawi,CEO,Saudi Arabia,Easytake,no data,https://https://easytake.app/
https://app.seamless-expo.com/event/seamless-saudi-arabia-2024/person/RXZlbnRQZW9wbGVfMzMwMzA0MjI=,Michael Edge,CEO,United Arab Emirates,Big Future Club,no data,""
https://app.seamless-expo.com/event/seamless-saudi-arabia-2024/person/RXZlbnRQZW9wbGVfMzM5OTM1MzE=,AKM Ahmedul Islam,Managing Director & CEO,Bangladesh,TechKnowGram Limited,########,www.techknowgram.com
https://app.seamless-expo.com/event/seamless-saudi-arabia-2024/person/RXZlbnRQZW9wbGVfMzM5ODg4Njg=,Kanaan Amr,CEO,Saudi Arabia,Enablergcc,"",www.enablers.com
https://app.seamless-expo.com/event/seamless-saudi-arabia-2024/person/RXZlbnRQZW9wbGVfMzM5Nzk0MDk=,Hassan Alamoudi,CEO,Saudi Arabia,Grocsale,"",Www.grocsale.com
https://app.seamless-expo.com/event/seamless-saudi-arabia-2024/person/RXZlbnRQZW9wbGVfMzM5NzM2OTE=,Jari Almuntshiri,CEO,Saudi Arabia,Dlight,########,https://www.dlight.ai
https://app.seamless-expo.com/event/seamless-saudi-arabia-2024/person/RXZlbnRQZW9wbGVfMzM5NzM1MTQ=,Sherif Shaalan,CEO,Egypt,Pianat.ai,https://www.linkedin.com/in/sherifshaalan,https://pianat.ai
https://app.seamless-expo.com/event/seamless-saudi-arabia-2024/person/RXZlbnRQZW9wbGVfMzM5NjQ2OTc=,Mahmoud Qolqala,CEO,Egypt,Mentoring platfrom,"",mahmoudqolqala.com
https://app.seamless-expo.com/event/seamless-saudi-arabia-2024/person/RXZlbnRQZW9wbGVfMzM5NDgwMTI=,Elias Elkhoury,Ceo,United Arab Emirates,Promoteam,no data,https://www.promoteam.me
https://app.seamless-expo.com/event/seamless-saudi-arabia-2024/person/RXZlbnRQZW9wbGVfMzM5NDc2NDA=,Sherif Nabil,CEO,Saudi Arabia,Masar,no data,https://masar-t.com.sa/
https://app.seamless-expo.com/event/seamless-saudi-arabia-2024/person/RXZlbnRQZW9wbGVfMzM5Mzc3OTQ=,Trevor Cohen,Group CEO,United Kingdom,IQSM Limited,"",https://www.iqsm.com
https://app.seamless-expo.com/event/seamless-saudi-arabia-2024/person/RXZlbnRQZW9wbGVfMzM4ODAxMTU=,Umar Saleem,CEO,United Arab Emirates,Maven Investment Partners,"",www.mavenip.net
https://app.seamless-expo.com/event/seamless-saudi-arabia-2024/person/RXZlbnRQZW9wbGVfMzM4NjkyNTQ=,Jimmy Zhang,CEO,Singapore,YONI INTERNATIONAL PTE. LTD.,no data,www.yoni-tech.com
https://app.seamless-expo.com/event/seamless-saudi-arabia-2024/person/RXZlbnRQZW9wbGVfMzM4NjY3OTI=,Laith Nobani,CEO,Jordan,BLUNET Marketing & Communication Services,"",""
https://app.seamless-expo.com/event/seamless-saudi-arabia-2024/person/RXZlbnRQZW9wbGVfMzM3OTgyMjQ=,Amr Salem,CEO,Saudi Arabia,private,"",no data
https://app.seamless-expo.com/event/seamless-saudi-arabia-2024/person/RXZlbnRQZW9wbGVfMzM3MjM0MDM=,Sahar Abdulaziz Alghalayeeni,CEO,Saudi Arabia,SAG tech company,no data,sag.sa
https://app.seamless-expo.com/event/seamless-saudi-arabia-2024/person/RXZlbnRQZW9wbGVfMzM3MjI4MDA=,Mahmoud Hashem,CEO,Saudi Arabia,Tie innovated soultions,"",www.tie.sa
https://app.seamless-expo.com/event/seamless-saudi-arabia-2024/person/RXZlbnRQZW9wbGVfMzM3MDg5Njk=,Jason El Debs,CEO,United Arab Emirates,webvade,"",https://webvade.com
https://app.seamless-expo.com/event/seamless-saudi-arabia-2024/person/RXZlbnRQZW9wbGVfMzM2OTIzMDk=,Talal Badawi,CEO,Saudi Arabia,Atteil Tradg & Invest Est,"",no data
https://app.seamless-expo.com/event/seamless-saudi-arabia-2024/person/RXZlbnRQZW9wbGVfMzM2NzA0MjA=,Muhammad Kashif Jamil,CEO,Pakistan,Xcelliti - Excellence with Agility,https://www.linkedin.com/in/KashifJamil########https://x.com/KashifJamil########https://www.facebook.com/Mr.Kashif.Jamil,www.xcelliti.com
https://app.seamless-expo.com/event/seamless-saudi-arabia-2024/person/RXZlbnRQZW9wbGVfMzM2NDgyNzE=,Mahmood Aladraj,CEO,Bahrain,VirtuThinko W.L.L,no data,https://www.virtuthinko.com
https://app.seamless-expo.com/event/seamless-saudi-arabia-2024/person/RXZlbnRQZW9wbGVfMzM2NDU4ODQ=,Vijay Agarwal,Ceo,Singapore,Dextra Labs,"",https://dextralabs.com/
https://app.seamless-expo.com/event/seamless-saudi-arabia-2024/person/RXZlbnRQZW9wbGVfMzM2MzUzMDQ=,Abdulaziz S,CEO,Saudi Arabia,Remmsh,"",www.remmsh.com
https://app.seamless-expo.com/event/seamless-saudi-arabia-2024/person/RXZlbnRQZW9wbGVfMzM2MzE3MjM=,Taimur Khalid,CEO,Pakistan,Autosphere Inc.,no data,https://autosphere.ai/
https://app.seamless-expo.com/event/seamless-saudi-arabia-2024/person/RXZlbnRQZW9wbGVfMzM2MjI0ODY=,MIchael Gale,Group CEO,United Arab Emirates,The Entrepreneurs Group Limited,"",https://www.teg.co.ae/
https://app.seamless-expo.com/event/seamless-saudi-arabia-2024/person/RXZlbnRQZW9wbGVfMzM2MTkzNTE=,Khalid alsuwailem,ceo,Saudi Arabia,Kpi,"",www.kpi.com.sa
https://app.seamless-expo.com/event/seamless-saudi-arabia-2024/person/RXZlbnRQZW9wbGVfMzM2MTk0ODA=,Mohamed ElGendi,CEO,Saudi Arabia,DataStars Limited for Business Services -L.L.C,"",https://www.data-stars.com
https://app.seamless-expo.com/event/seamless-saudi-arabia-2024/person/RXZlbnRQZW9wbGVfMzM2MTcxMDE=,Meshari Alghamdi,CEO,Saudi Arabia,Njadwil,"",https://linktr.ee/Njadwil
https://app.seamless-expo.com/event/seamless-saudi-arabia-2024/person/RXZlbnRQZW9wbGVfMzM2MTUzMjU=,Nasser Alabdali,CEO,Saudi Arabia,Aman Logistics Company,no data,https://www.amanlogistics.sa
https://app.seamless-expo.com/event/seamless-saudi-arabia-2024/person/RXZlbnRQZW9wbGVfMzM2MTUxOTk=,Ahmed Abbas,CEO,Egypt,PISC,"",www.thepisc.com
https://app.seamless-expo.com/event/seamless-saudi-arabia-2024/person/RXZlbnRQZW9wbGVfMzM2MTU4NzE=,Tarek Alami,Ceo,United Arab Emirates,birdie mena,"",www.birdiemena.com
https://app.seamless-expo.com/event/seamless-saudi-arabia-2024/person/RXZlbnRQZW9wbGVfMzM2MDYzNzY=,Daniel Hill,CEO,United States,"AQUIVIO, Inc.","",http://www.aquivio.com
https://app.seamless-expo.com/event/seamless-saudi-arabia-2024/person/RXZlbnRQZW9wbGVfMzM1NzYwMzE=,Cheis Michael,Co CEO,United Kingdom,Ozone API,########,https://www.ozoneapi.com
https://app.seamless-expo.com/event/seamless-saudi-arabia-2024/person/RXZlbnRQZW9wbGVfMzM1NDc5NzI=,Ihab Bteibt,CEO,Turkey,FRIENDLY SERVICES DANIŞMANLIK VE TEKNOLOJİ HİZMETLERİ TİCARET LİMİTED ŞİRKETİ,"",www.friendlyservices-hu.com
https://app.seamless-expo.com/event/seamless-saudi-arabia-2024/person/RXZlbnRQZW9wbGVfMzM1MDU0NjI=,Ali Alresaini,CEO of MediStore SA,Saudi Arabia,BlueBerry Co. & MediStore Co.,"",https://medistore.com.sa
https://app.seamless-expo.com/event/seamless-saudi-arabia-2024/person/RXZlbnRQZW9wbGVfMzM1MDQ0NjI=,Mohamed Elzalabany,CEO,Saudi Arabia,Dailymealz,no data,https://www.dailymealz.com
https://app.seamless-expo.com/event/seamless-saudi-arabia-2024/person/RXZlbnRQZW9wbGVfMzM0NjUwNDQ=,Shady El Najjar,CEO,Egypt,Buducloud,"",https://www.buducloud.com/
https://app.seamless-expo.com/event/seamless-saudi-arabia-2024/person/RXZlbnRQZW9wbGVfMzM0MTIwMjM=,Saad Almutairi,CEO,Saudi Arabia,Kaffy technology,no data,https://www.kaffypay.com/
https://app.seamless-expo.com/event/seamless-saudi-arabia-2024/person/RXZlbnRQZW9wbGVfMzM0MDg1NDA=,YUOSF ALHAGRI,(CEO),Yemen,"""First1 Queer"" - The International Center and Global Company for Training. ""","",https://1gt1.thinkific.com/
https://app.seamless-expo.com/event/seamless-saudi-arabia-2024/person/RXZlbnRQZW9wbGVfMzM0MDIzMDI=,ABDULLAH ALSLILI,CEO,Saudi Arabia,أثر الإستدامة,"",no data
https://app.seamless-expo.com/event/seamless-saudi-arabia-2024/person/RXZlbnRQZW9wbGVfMzI5NDg4MjU=,Hossam Al Jamal,CEO,Saudi Arabia,Health & Life,"",https://healthlife-sa.com/
https://app.seamless-expo.com/event/seamless-saudi-arabia-2024/person/RXZlbnRQZW9wbGVfMzI5MTM5Njc=,Jamal Abbas,CEO,United Kingdom,12905007,"",cerealboxagency.com
https://app.seamless-expo.com/event/seamless-saudi-arabia-2024/person/RXZlbnRQZW9wbGVfMzI5MDYxMTg=,mohammad almutawa,CEO,Kuwait,Bazzar Gate Tech,"",no data
https://app.seamless-expo.com/event/seamless-saudi-arabia-2024/person/RXZlbnRQZW9wbGVfMzI5MDI2NTA=,Zeeshan Idrees,CEO,United Kingdom,IndustryGeniuses,"",www.industrygeniuses.com
https://app.seamless-expo.com/event/seamless-saudi-arabia-2024/person/RXZlbnRQZW9wbGVfMzI4NDM2OTM=,Abdul qadir basha,CEO,United Arab Emirates,Chipmunks AI,"",https://chipmunks.ai
https://app.seamless-expo.com/event/seamless-saudi-arabia-2024/person/RXZlbnRQZW9wbGVfMzI4MjcxNDc=,Janis Stirna,CEO,Latvia,Handwave,no data,https://handwave.eu/
https://app.seamless-expo.com/event/seamless-saudi-arabia-2024/person/RXZlbnRQZW9wbGVfMzI2ODI0MTk=,Charlie Berbari,CEO,United Arab Emirates,ezy,https://www.linkedin.com/in/https://www.linkedin.com/company/ezy-rent/########https://www.facebook.com/https://www.facebook.com/profile.php?id=100089630952537&sfnsn=wa&mibextid=RUbZ1f########https://instagram.com/https://www.instagram.com/ezy.rent?igsh=aDI2OXEyYzkxYjNi,no data
https://app.seamless-expo.com/event/seamless-saudi-arabia-2024/person/RXZlbnRQZW9wbGVfMzI2MTQ3NTQ=,Omar Alomar,CEO,Saudi Arabia,Raneeen,https://x.com/_OmarAlomar,https://www.cybercave.com.sa
https://app.seamless-expo.com/event/seamless-saudi-arabia-2024/person/RXZlbnRQZW9wbGVfMzI1OTkxNjg=,Hany Fathy,CEO,Egypt,APIS Integrated Solutions Co.,"",www.apisegypt.com
https://app.seamless-expo.com/event/seamless-saudi-arabia-2024/person/RXZlbnRQZW9wbGVfMzI1Nzg1Nzc=,Reem Ikram,CEO,Saudi Arabia,ThriftPlan,########,https://thriftplan.sa/
https://app.seamless-expo.com/event/seamless-saudi-arabia-2024/person/RXZlbnRQZW9wbGVfMzI1NjUzOTc=,Omar Yassine,Group CEO,Saudi Arabia,Geidea,no data,geidea.net
https://app.seamless-expo.com/event/seamless-saudi-arabia-2024/person/RXZlbnRQZW9wbGVfMzI1NjUzNjI=,Omneya Abo El Dahab,CEO,Egypt,iGenTech,"",no data
https://app.seamless-expo.com/event/seamless-saudi-arabia-2024/person/RXZlbnRQZW9wbGVfMzI1NjUzNTE=,Ibrahim Khattab,CEO,United Arab Emirates,Foreground LLC,########,www.foreground.ae
https://app.seamless-expo.com/event/seamless-saudi-arabia-2024/person/RXZlbnRQZW9wbGVfMzI1NjUzNDk=,LeRoy Ratnayake,CEO,United States,0to60.AI,https://www.linkedin.com/in/leroyr,https://www.0to60.ai/
https://app.seamless-expo.com/event/seamless-saudi-arabia-2024/person/RXZlbnRQZW9wbGVfMzI1MzUzNzM=,Khalid Hussain,CEO,United Arab Emirates,Kreative Minds,"",https://khalidmir.com
https://app.seamless-expo.com/event/seamless-saudi-arabia-2024/person/RXZlbnRQZW9wbGVfMzI1MzUwOTg=,Nizar Adeeb,CEO,United States,Reputell,https://www.linkedin.com/in/Nizar########https://x.com/NizarAdeeb########https://instagram.com/NizarAdeeb,Www.Reputell.com
https://app.seamless-expo.com/event/seamless-saudi-arabia-2024/person/RXZlbnRQZW9wbGVfMzI1MzU3MjI=,Tamer Mohamed,CEO,Egypt,Crystal Pay,https://www.linkedin.com/in/tamereissa########https://www.facebook.com/tamereissa,www.crystal-mind.com
https://app.seamless-expo.com/event/seamless-saudi-arabia-2024/person/RXZlbnRQZW9wbGVfMzI1MzU2NTU=,Varun Tangri,CEO,India,QueueBuster,"",https://queuebuster.co
https://app.seamless-expo.com/event/seamless-saudi-arabia-2024/person/RXZlbnRQZW9wbGVfMzI1MzU2MDM=,Oussama Ghazi,CEO,Morocco,Epitome Advisory,"",https://epitomeadvisory.com
https://app.seamless-expo.com/event/seamless-saudi-arabia-2024/person/RXZlbnRQZW9wbGVfMzI1MzU1MTE=,Bahaa Al-Thibyan,CEO,Saudi Arabia,Titanium Consulting Group,"",https://titaniumgroups.com/
https://app.seamless-expo.com/event/seamless-saudi-arabia-2024/person/RXZlbnRQZW9wbGVfMzI1MzU0NzY=,Enes ŞEHZADE,CEO,Saudi Arabia,Equivator,no data,Equivator.com
https://app.seamless-expo.com/event/seamless-saudi-arabia-2024/person/RXZlbnRQZW9wbGVfMzI1MzQyMzY=,Marta Stelmach,CEO,Poland,NEXIA GLOBAL,"",https://nexia.global/
https://app.seamless-expo.com/event/seamless-saudi-arabia-2024/person/RXZlbnRQZW9wbGVfMzI1MzQyMDg=,Mir Shajee,CEO,India,Cyberlific Solutions,"",https://cyberlific.com
https://app.seamless-expo.com/event/seamless-saudi-arabia-2024/person/RXZlbnRQZW9wbGVfMzI1MzQyMDA=,Malek Manaa,CEO,Saudi Arabia,Wameed Marketing services,"",www.wamedadv.com
https://app.seamless-expo.com/event/seamless-saudi-arabia-2024/person/RXZlbnRQZW9wbGVfMzI1MzQwOTI=,Amr Essam,CEO,Egypt,Tatbeek,no data,https://www.tatbeek.com
https://app.seamless-expo.com/event/seamless-saudi-arabia-2024/person/RXZlbnRQZW9wbGVfMzI1MzQwMDE=,Razi Salih,CEO,United Arab Emirates,Paytiko FZCO,"",www.Paytiko.com
https://app.seamless-expo.com/event/seamless-saudi-arabia-2024/person/RXZlbnRQZW9wbGVfMzI1MzQ2Nzc=,Michel HABBER,CEO,France,ASTROFI TECH SASU,"",https://www.astrofi.com
https://app.seamless-expo.com/event/seamless-saudi-arabia-2024/person/RXZlbnRQZW9wbGVfMzI1MzQ2MTY=,KHAJA MOINUDDIN,CEO & CHARTERED ACCOUNTANT,Bahrain,AKMS MANAGEMENT CONSULTANCY W.L.L,"",AKMS.me
https://app.seamless-expo.com/event/seamless-saudi-arabia-2024/person/RXZlbnRQZW9wbGVfMzI1MzMzMDk=,Samantha Barbero,CEO & Investor Relations,Italy,ValueXmatch,"",no data
https://app.seamless-expo.com/event/seamless-saudi-arabia-2024/person/RXZlbnRQZW9wbGVfMzI1MzMyNTA=,Wissam Sabha,CEO,Jordan,Mozaic Loyalty Solutions,https://www.linkedin.com/in/https://www.linkedin.com/in/wissam-sabha-534b5313/,https://www.mozaicis.com
https://app.seamless-expo.com/event/seamless-saudi-arabia-2024/person/RXZlbnRQZW9wbGVfMzI1MzMxODI=,LINA AJANA,CEO,United Arab Emirates,4C For Project Management Services,"",no data
https://app.seamless-expo.com/event/seamless-saudi-arabia-2024/person/RXZlbnRQZW9wbGVfMzI1MzMwMjY=,Yehia Tharwat,CEO,Egypt,Link TSP,"",www.linktsp.com
https://app.seamless-expo.com/event/seamless-saudi-arabia-2024/person/RXZlbnRQZW9wbGVfMzI1MzM5MzI=,Henk Kok,CEO,Netherlands,Xablu BV,https://www.linkedin.com/in/nlhenkkok/########https://x.com/PerPage########https://github.com/PerPage,https://www.xablu.com
https://app.seamless-expo.com/event/seamless-saudi-arabia-2024/person/RXZlbnRQZW9wbGVfMzI1MzM4Mzc=,Amr Radwan,CEO,United Arab Emirates,NamaaIT,"",Www.namaait.com
https://app.seamless-expo.com/event/seamless-saudi-arabia-2024/person/RXZlbnRQZW9wbGVfMzI1MzM4MjY=,Wazahat Ali,CEO,United Arab Emirates,CODE Informatics,"",www.codeinformatics.com
https://app.seamless-expo.com/event/seamless-saudi-arabia-2024/person/RXZlbnRQZW9wbGVfMzI1MzM3OTU=,Saad AlQahtani,CEO,Saudi Arabia,SocialTech Marketing,"",http://socialtech.sa
https://app.seamless-expo.com/event/seamless-saudi-arabia-2024/person/RXZlbnRQZW9wbGVfMzI1MzM3NTE=,Fady Santarissy,CEO,Jordan,Cg Imagine+Invent,"",no data
https://app.seamless-expo.com/event/seamless-saudi-arabia-2024/person/RXZlbnRQZW9wbGVfMzI1MzM3MzQ=,Adib HIASAT,CEO,United Arab Emirates,Render Ventures,https://www.linkedin.com/in/adib-hiasat,http://www.render-ventures.com
https://app.seamless-expo.com/event/seamless-saudi-arabia-2024/person/RXZlbnRQZW9wbGVfMzI1MzM2NzE=,Amr Mostafa,CEO,Saudi Arabia,Digi Visions,"",https://digi-visions.com
https://app.seamless-expo.com/event/seamless-saudi-arabia-2024/person/RXZlbnRQZW9wbGVfMzI1MzM1MzU=,Saleh Balilah,CEO,Saudi Arabia,MoneyLoop Fintech,no data,https://moneyloop.sa/
https://app.seamless-expo.com/event/seamless-saudi-arabia-2024/person/RXZlbnRQZW9wbGVfMzI1MzI4NTA=,Ali Ghnaim,CEO,Saudi Arabia,Gasable,########,https://www.gasable.com/sa/
https://app.seamless-expo.com/event/seamless-saudi-arabia-2024/person/RXZlbnRQZW9wbGVfMzI1MzI4MDU=,Khalid Alzuwaymil,CEO,Saudi Arabia,WAQ3Y,########,https://waq3y.sa/
https://app.seamless-expo.com/event/seamless-saudi-arabia-2024/person/RXZlbnRQZW9wbGVfMzI1MzI3NTY=,Rami Djebari,CEO,Saudi Arabia,My Sorbet,no data,https://mysorbet.xyz/.
https://app.seamless-expo.com/event/seamless-saudi-arabia-2024/person/RXZlbnRQZW9wbGVfMzI1MzI3NTI=,Tamara Kostova,CEO,United Kingdom,velexa,no data,Velexa.com
https://app.seamless-expo.com/event/seamless-saudi-arabia-2024/person/RXZlbnRQZW9wbGVfMzI1MzI3MjQ=,Ahmad Yousfi,CEO,Saudi Arabia,Storm Studio,########,https://stormstudio-sa.com/
https://app.seamless-expo.com/event/seamless-saudi-arabia-2024/person/RXZlbnRQZW9wbGVfMzI1MzI3MjI=,Hadi Alsinan,CEO,Saudi Arabia,TaqaPay,"",www.TaqaPay.live
https://app.seamless-expo.com/event/seamless-saudi-arabia-2024/person/RXZlbnRQZW9wbGVfMzI1MzI3MTc=,Turki Alyahya,CEO,Saudi Arabia,BROOCH,########,https://brooch.sa/home
https://app.seamless-expo.com/event/seamless-saudi-arabia-2024/person/RXZlbnRQZW9wbGVfMzI1MzI3MTY=,Ahmed Hanafy,CEO,Egypt,Table Finder,no data,https://www.tablefinder.online
https://app.seamless-expo.com/event/seamless-saudi-arabia-2024/person/RXZlbnRQZW9wbGVfMzI1MzI3MDE=,Michael Crickmore,CEO,Saudi Arabia,Fvtvre,no data,https://go.get-propx.com/
https://app.seamless-expo.com/event/seamless-saudi-arabia-2024/person/RXZlbnRQZW9wbGVfMzI1MzI2NjI=,Kako Kvantaliani,CEO,Georgia,Nexus,"",https://nexus.ge/
https://app.seamless-expo.com/event/seamless-saudi-arabia-2024/person/RXZlbnRQZW9wbGVfMzI1MzI2NDQ=,Abdulrahman Suliman,CEO,Saudi Arabia,BONUS,no data,https://daleelstore.com/en
https://app.seamless-expo.com/event/seamless-saudi-arabia-2024/person/RXZlbnRQZW9wbGVfMzQyMTI0MjI=,Ihab Ramadan,CEO,Saudi Arabia,Samoon Information Technology Company,no data,https://www.samoongroup.com
https://app.seamless-expo.com/event/seamless-saudi-arabia-2024/person/RXZlbnRQZW9wbGVfMzQzNjg2OTk=,Majed Almutairi,CEO,Saudi Arabia,Orbit Technology,"",https://www.ot.com.sa
https://app.seamless-expo.com/event/seamless-saudi-arabia-2024/person/RXZlbnRQZW9wbGVfMzI2NjEwOTM=,Ali Alhodaithi,CEO,Saudi Arabia,musanada,no data,https://www.musanada.sa
https://app.seamless-expo.com/event/seamless-saudi-arabia-2024/person/RXZlbnRQZW9wbGVfMzI1MzM3MzY=,Waris Ansari,CEO,Saudi Arabia,Muhimma Digital Platform Co.,no data,https://www.muhimmaapp.com
https://app.seamless-expo.com/event/seamless-saudi-arabia-2024/person/RXZlbnRQZW9wbGVfMzQzOTUyMzQ=,Abdullah Abed,CEO,Saudi Arabia,Service Products Solution Trading Company,no data,www.spsolution.com.sa
https://app.seamless-expo.com/event/seamless-saudi-arabia-2024/person/RXZlbnRQZW9wbGVfMzQzNzYzODI=,Ghalib Nomani,Ceo,United Arab Emirates,Mazoon,"",no data
https://app.seamless-expo.com/event/seamless-saudi-arabia-2024/person/RXZlbnRQZW9wbGVfMzQzNzA2NDg=,AbuBaker Shaban,CEO,Saudi Arabia,Schoolyp,no data,www.schoolyp.net
